0,0,0.349326,0.412519,-0.117449,-0.000296004,-0.00564816,-0.231317,0.972862
0,1,0.294543,-0.00304405,-0.265252,0.00484858,0.00786531,-0.00137056,0.999956
0,2,0,0,0,0,0,0,1
0,3,0,0,0,0,0,0,1
0,4,-0.0460936,-0.0943342,-0.0299052,0.00532247,-0.00715914,-0.0381425,0.999232
0,5,0,0,0,0,0,0,1
1,0,-3.83167,4.30443,0.155514,0.00569878,-0.0124352,-0.239252,0.970861
1,1,-5.08741,4.42874,0.0849481,-0.00425262,0.0124471,0.0278783,0.999525
1,2,-5.34576,4.21218,0.0411379,-0.0139153,-0.00694819,-0.0476036,0.998745
1,3,-4.11554,3.47602,0.196537,-0.00897941,-0.00157061,0.0128287,0.999876
1,4,-5.34576,4.21218,0.0411379,-0.0139153,-0.00694819,-0.0476036,0.998745
1,5,-5.34576,4.21218,0.0411379,-0.0139153,-0.00694819,-0.0476036,0.998745
2,0,-19.0821,12.1608,0.286671,0.0025986,-0.0528724,-0.23233,0.971195
2,1,-18.8424,13.4398,0.0602641,-0.00887282,-0.0279792,-0.0150487,0.999456
2,2,-20.075,12.3067,0.0410544,0.00489221,-0.0116955,0.0158753,0.999794
2,3,-20.075,12.3067,0.0410544,0.00489221,-0.0116955,0.0158753,0.999794
2,4,-12.2084,7.70717,-0.113755,-0.00880553,0.00301475,-0.037621,0.999249
2,5,-20.075,12.3067,0.0410544,0.00489221,-0.0116955,0.0158753,0.999794
3,0,-33.62,26.2863,0.377599,-0.000959703,-0.0108805,-0.237715,0.971274
3,1,-33.8161,26.584,0.27299,0.00420396,0.00804909,0.00732326,0.999932
3,2,-54.5141,58.0055,2.7994,-0.018196,-0.0339117,0.996971,-0.0675808
3,3,-31.7478,24.3107,0.603407,-0.00565575,-0.0099336,0.0196059,0.999742
3,4,-26.2103,18.1046,-0.00938221,-0.00765959,0.00152209,-0.0585624,0.998253
3,5,-40.924,36.5254,0.877253,-0.00784454,-0.000972962,0.997062,0.0761895
4,0,-43.6565,42.198,1.46616,-0.0194841,-0.00807909,-0.284185,0.958537
4,1,-49.0219,49.5068,2.13447,-0.0197198,0.0145925,-0.01091,0.99964
4,2,-54.4357,57.7461,2.74896,-0.0182695,-0.0362837,0.99704,-0.0652795
4,3,-43.6834,40.3095,1.36486,-0.0224243,0.00239955,0.00387887,0.999738
4,4,-44.4031,41.1822,1.30341,-0.00645046,0.0273168,-0.0874066,0.995777
4,5,-49.4335,50.005,2.10313,-0.0251894,0.0172759,0.993942,0.105572
5,0,-52.5585,56.095,2.70193,-0.0201711,-0.00401289,-0.272885,0.961827
5,1,-57.3943,63.521,3.27036,0.000175165,0.0133667,0.00670789,0.999888
5,2,-54.902,59.6051,3.01433,0.00641763,-0.0290774,0.993375,-0.110991
5,3,-55.4194,59.8251,3.06176,-0.0275989,-0.00488738,0.00907775,0.999566
5,4,-53.3774,56.3002,2.6741,-0.0177954,0.00400588,-0.0910466,0.99568
5,5,-61.9225,69.3323,3.90571,-0.0177685,0.0215309,0.988687,0.147374
6,0,-58.1607,65.3311,3.71275,-0.00576111,-0.0103187,-0.280228,0.959861
6,1,-60.7292,68.6977,3.74742,-0.00930106,0.00785457,0.00950648,0.999881
6,2,-60.297,67.9712,3.83321,-0.0119945,0.00786232,0.994469,-0.104045
6,3,-61.6376,69.1417,3.96945,-0.00670033,-0.00337143,0.0224869,0.999719
6,4,-60.773,68.2853,3.90048,-0.0181346,0.0180723,-0.09191,0.995438
6,5,-68.2393,77.2449,4.56277,-0.00750427,0.0210803,0.984826,0.172093
7,0,-67.7498,76.8215,4.41906,-0.0148881,-0.011893,-0.271738,0.962182
7,1,-70.0347,79.1851,4.77366,0.00353791,0.0126533,0.0240205,0.999625
7,2,-71.0068,79.8956,4.90844,0.00128354,0.0128049,0.99628,-0.0852085
7,3,-73.244,82.8295,4.86894,-0.00709651,0.0172989,0.0217388,0.999589
7,4,-72.8053,82.7444,4.98494,-0.0222594,0.0154157,-0.0770815,0.996657
7,5,-76.8502,86.9233,5.13542,0.00707918,0.012105,0.985814,0.167254
8,0,-77.3496,86.8314,5.09138,-0.0169753,-0.0151327,-0.278111,0.96028
8,1,-87.2425,95.1872,5.75832,-0.0261334,-0.00906232,0.0280217,0.999225
8,2,-82.4189,90.8441,5.53041,-0.0352207,0.030893,0.990661,-0.128045
8,3,-86.453,94.7505,5.74119,-0.0222877,-0.00905273,0.021282,0.999484
8,4,-82.8039,91.0163,5.38014,-0.00435778,0.0115847,-0.0881411,0.996031
8,5,-85.9634,94.4655,5.25945,0.0100921,0.0338314,0.986587,0.159372
9,0,-94.2663,98.6498,6.19234,-0.0034268,-0.00889919,-0.256459,0.966508
9,1,-98.306,100.326,5.82457,-0.0134901,0.0165554,0.039803,0.998979
9,2,-96.2874,99.1779,5.76349,-0.0159741,0.030151,0.993721,-0.106558
9,3,-105.382,102.933,5.93344,-0.00224156,0.00184833,0.0365835,0.999326
9,4,-97.5466,100.385,5.72421,-0.0179154,0.00824362,-0.0708438,0.997292
9,5,-103.557,102.811,5.73398,-0.015317,0.0248179,0.981155,0.191006
10,0,-110.429,104.56,5.60294,-0.0205845,0.000111593,-0.259702,0.965469
10,1,-112.921,104.69,5.58219,-0.0200525,0.00636525,0.0508834,0.998483
10,2,-107.95,103.59,5.67919,-0.0203187,0.0410412,0.990939,-0.126264
10,3,-124.242,108.135,5.73151,-0.0116049,-0.00394711,0.0427878,0.999009
10,4,-116.327,105.907,5.26623,-0.0218917,-0.00197663,-0.0451635,0.998738
10,5,-119.19,107.212,5.52347,-0.0105949,0.0275879,0.974826,0.220999
11,0,-124.21,108.872,5.78266,-0.0104136,-0.00707303,-0.234516,0.972031
11,1,-128.322,111.09,5.86366,-0.00908128,0.00529123,0.0644166,0.997868
11,2,-124.034,108.216,5.62618,-0.028219,0.0243426,0.989097,-0.142469
11,3,-136.394,113.256,5.70758,-0.0208305,-0.0159394,0.0499513,0.998407
11,4,-129.584,111.118,5.75376,-0.0241575,-0.00658495,-0.0326911,0.999152
11,5,-131.403,112.332,5.62574,-0.00378815,0.0307207,0.975061,0.219769
12,0,-138.948,115.096,5.59804,-0.0347645,-0.00602565,-0.233239,0.971779
12,1,-147.242,118.908,5.73548,-0.0181212,0.00357655,0.0743206,0.997063
12,2,-143.978,116.826,5.43574,-0.0265224,0.053194,0.986776,-0.150798
12,3,-151.655,120.367,5.37471,-0.024226,-0.0188807,0.0603397,0.997705
12,4,-149.214,119.738,5.58028,-0.0208018,-0.0157343,-0.0397026,0.998871
12,5,-148.181,119.353,5.58648,-0.0231442,0.02635,0.9668,0.253116
13,0,-156.768,123.304,5.67143,-0.0213631,-0.0145645,-0.216191,0.976009
13,1,-164.647,126.732,5.34791,-0.0256619,-0.00663007,0.0867171,0.99588
13,2,-150.026,119.811,5.27558,-0.0113421,0.0449654,0.987516,-0.150536
13,3,-163.318,125.63,5.14309,-0.0323068,-0.00938865,0.0690836,0.997043
13,4,-160.456,124.574,5.30026,-0.0521703,-0.0115871,-0.0550854,0.99705
13,5,-163.585,126.092,5.19612,-0.0208879,0.0342056,0.962953,0.266675
14,0,-171.492,128.929,6.5271,-0.041321,-0.095857,-0.184721,0.977232
14,1,-183.343,132.64,4.10495,-0.0233536,0.00445583,0.0899103,0.995666
14,2,-160.922,125.406,5.55942,-0.0195261,0.048637,0.98577,-0.159719
14,3,-174.177,129.576,4.97194,-0.0321741,-0.00502659,0.0638503,0.997428
14,4,-171.89,128.866,5.30125,-0.027785,-0.0145117,-0.0383281,0.998773
14,5,-177.907,130.761,4.22667,-0.0169519,0.0292209,0.958906,0.281706
15,0,-188.875,133.096,4.5154,-0.0270482,-0.0279392,-0.198863,0.979256
15,1,-195.588,132.688,3.94175,-0.0370396,-0.0299905,0.0960822,0.994232
15,2,-178.025,130.972,5.24432,-0.024383,0.034198,0.9845,-0.170282
15,3,-189.025,133.029,4.0792,-0.0477155,-0.0149594,0.0759814,0.995855
15,4,-187.83,133.103,4.23125,-0.0306073,-0.0268231,-0.0471788,0.998057
15,5,-192.716,132.692,3.58448,-0.0547153,0.0396872,0.953133,0.294905
16,0,-203.344,131.914,3.24847,-0.0334562,-0.0353699,-0.188707,0.980826
16,1,-207.899,132.667,2.6266,-0.0507975,-0.0217127,0.108352,0.992576
16,2,-201.663,131.44,3.05737,-0.019288,0.0553236,0.981623,-0.181616
16,3,-211.254,132.462,2.22958,-0.0390027,-0.0273799,0.0811559,0.995562
16,4,-202.304,131.828,2.79637,-0.03503,-0.0245193,-0.0361286,0.998432
16,5,-200.728,131.868,2.87282,-0.0420522,0.0359528,0.946008,0.319387
17,0,-211.508,133.23,2.52839,-0.0329782,-0.0360087,-0.178801,0.982673
17,1,-219.451,134.931,1.34488,-0.0470449,-0.0163688,0.112757,0.992373
17,2,-219.203,134.909,1.29939,-0.0441216,0.0651167,0.97827,-0.191834
17,3,-227.35,135.682,0.48873,-0.0405674,-0.00782362,0.0857852,0.995457
17,4,-215.531,134.314,1.49331,-0.0536085,-0.0382246,-0.03262,0.997297
17,5,-210.468,133.116,1.98098,-0.0300968,0.0368368,0.945082,0.323353
18,0,-224.03,135.013,1.24257,-0.0348804,-0.0359935,-0.16451,0.985101
18,1,-230.095,136.524,0.351879,-0.0544636,-0.0136915,0.113035,0.992003
18,2,-233.903,137.123,-0.157523,-0.0161445,0.0497746,0.979795,-0.19304
18,3,-237.476,137.729,-0.745402,-0.046536,-0.00580267,0.0868666,0.995116
18,4,-236.049,138.015,-0.551721,-0.0410912,-0.0238439,-0.0366216,0.998199
18,5,-222.763,134.926,0.807273,-0.0529947,-0.00446048,0.941994,0.331388
19,0,-246.084,140.35,-1.06322,-0.0391771,-0.0355866,-0.169841,0.984049
19,1,-249.069,140.639,-2.06126,-0.0555069,-0.00543254,0.10881,0.992497
19,2,-249.572,141.271,-2.17881,-0.0250748,0.053554,0.973507,-0.220877
19,3,-249.471,141.32,-2.22155,-0.0539698,-0.0174821,0.0953445,0.993826
19,4,-249.111,141.074,-2.08973,-0.0395986,-0.0300362,-0.0281529,0.998367
19,5,-248.003,140.273,-2.26156,-0.0242441,0.0454181,0.92805,0.368881
20,0,-264.533,141.671,-3.39345,-0.0500636,-0.0370061,-0.147452,0.987108
20,1,-268.711,142.215,-3.54446,-0.0516709,0.00647704,0.13171,0.989919
20,2,-257.666,142.061,-3.37274,-0.0353661,0.0704938,0.972748,-0.218039
20,3,-258.933,142.023,-3.26023,-0.061702,-0.0247309,0.108187,0.991906
20,4,-257.091,141.932,-2.98134,-0.0614156,-0.0125887,-0.0202767,0.997827
20,5,-270.863,142.185,-3.80783,-0.0277901,0.0367606,0.914619,0.401682
21,0,-283.786,150.123,-4.47337,-0.0482224,-0.0146193,-0.123342,0.991084
21,1,-278.686,146.932,-4.19349,-0.0572267,-0.000198883,0.124371,0.990584
21,2,-281.552,147.581,-4.50917,-0.00308975,0.056381,0.967624,-0.246
21,3,-286.927,150.959,-4.88765,-0.0509424,-0.00403187,0.1163,0.991899
21,4,-274.371,143.757,-4.02073,-0.0476409,-0.00855717,-0.0185177,0.998656
21,5,-289.188,154.356,-5.17361,-0.0343594,0.0409673,0.913983,0.402213
22,0,-300.02,165.34,-6.14638,-0.0517826,-0.00647131,-0.133284,0.989703
22,1,-300.444,172.137,-6.45355,-0.0560045,0.00504717,0.129414,0.989995
22,2,-295.838,159.339,-5.64071,0.00839985,0.0649168,0.96828,-0.241141
22,3,-300.605,166.378,-6.09691,-0.0346773,0.01626,0.113409,0.99281
22,4,-301.375,170.985,-6.42211,-0.0388701,-0.0152578,-0.0269714,0.998764
22,5,-300.132,175.818,-6.44575,-0.0287693,0.0470353,0.896075,0.440464
23,0,-301.659,175.908,-6.61174,-0.061628,-0.00954798,-0.119852,0.990831
23,1,-299.306,184.687,-6.94203,-0.0483461,0.0130146,0.11719,0.991847
23,2,-298.79,186.427,-7.17881,0.01085,0.0401699,0.968507,-0.245487
23,3,-301.455,175.148,-6.83961,-0.0256624,0.0173682,0.118828,0.992431
23,4,-299.988,181.22,-6.93229,-0.0321046,0.00151127,-0.00505372,0.999471
23,5,-298.262,186.541,-6.78091,-0.0227144,0.0604326,0.896944,0.437406
24,0,-301.965,176.245,-6.84454,-0.0499299,-0.00329361,-0.120658,0.991432
24,1,-298.645,187.682,-7.02391,-0.0595,0.0264575,0.125503,0.989954
24,2,-301.057,179.261,-6.79427,0.00382475,0.0402928,0.973065,-0.226951
24,3,-302.184,173.722,-6.6339,-0.0746247,0.00874057,0.119268,0.990015
24,4,-299.525,185.252,-6.90569,-0.0577771,0.00314134,-0.0193323,0.998137
24,5,-298.816,184.212,-6.69037,-0.0380935,0.0384167,0.895986,0.440774
25,0,-296.036,199.674,-7.75015,-0.0612712,0.00128428,-0.120884,0.990773
25,1,-293.069,206.465,-8.19436,-0.0588629,0.0181078,0.111108,0.991898
25,2,-295.196,202.752,-8.05603,0.0276025,0.0405258,0.967111,-0.249586
25,3,-292.234,208.024,-8.44588,-0.0289848,0.0207724,0.110128,0.993278
25,4,-295.862,200.942,-7.80939,-0.0344291,0.00536003,-0.0170368,0.999248
25,5,-296.698,194.276,-7.38498,-0.0178885,0.061027,0.887901,0.455617
26,0,-273.457,222.417,-9.27642,-0.0215653,-0.00779596,-0.107488,0.993942
26,1,-279.249,217.946,-9.05795,-0.0192988,-0.0111016,0.114384,0.993187
26,2,-282.511,220.255,-9.69326,0.0693581,0.0384554,0.961484,-0.26317
26,3,-273.328,216.139,-8.30736,-0.0199546,-0.0147614,0.113268,0.993254
26,4,-280.34,218.649,-9.04193,-0.0363759,0.00615221,-0.0305707,0.998852
26,5,-279.808,218.698,-8.9682,-0.038104,0.0214503,0.853499,0.519257
27,0,-258.595,213.642,-6.9549,0.0169699,0.00680733,-0.100617,0.994757
27,1,-259.759,213.689,-6.97731,-0.000758909,-0.0277457,0.0672095,0.997353
27,2,-263.744,214.881,-7.29415,0.00685682,0.00884857,0.97217,-0.234008
27,3,-254.148,212.137,-6.34645,-0.0133708,-0.014645,0.0745821,0.997018
27,4,-261.634,214.192,-7.25581,-0.0101075,-0.0195638,-0.062294,0.997815
27,5,-261.432,214.526,-7.17275,-0.0232418,-0.000156238,0.834308,0.550808
28,0,-245.845,209.607,-5.3029,-0.0164792,-0.0136345,-0.123463,0.992119
28,1,-246.183,209.982,-5.52797,0.0130482,-0.0221988,0.0692991,0.997264
28,2,-241.381,208.296,-4.92908,0.0112398,-0.00227675,0.970541,-0.240662
28,3,-240.78,208.948,-5.07396,-0.00177555,0.00585875,0.050847,0.998688
28,4,-247.75,210.777,-5.7991,-0.00529092,-0.00456414,-0.0658582,0.997805
28,5,-246.593,210.147,-5.75223,-0.0022157,-0.00689158,0.819184,0.573485
29,0,-230.922,203.848,-3.79297,0.00250802,-0.0187791,-0.122644,0.99227
29,1,-232.164,204.466,-3.89833,0.0139874,-0.00418064,0.089701,0.995862
29,2,-227.345,202.956,-3.53912,-0.00103778,-0.0181396,0.971865,-0.234835
29,3,-228.494,203.009,-3.72222,-0.00150576,-0.0156747,0.0871199,0.996073
29,4,-230.922,203.848,-3.79297,0.00250802,-0.0187791,-0.122644,0.99227
29,5,-230.922,203.848,-3.79297,0.00250802,-0.0187791,-0.122644,0.99227
30,0,-222.134,201.944,-3.29363,0.0188892,-0.0106336,-0.128108,0.991523
30,1,-218.015,201.141,-2.938,0.00473766,-0.00511355,0.0794923,0.996811
30,2,-220.189,201.875,-3.16192,0.017719,-0.0115074,0.968925,-0.246449
30,3,-219.238,201.888,-3.16447,-0.0208268,-0.00670226,0.0559433,0.998194
30,4,-217.81,201.503,-3.19605,-0.00143499,0.00949394,-0.078516,0.996867
30,5,-219.238,201.888,-3.16447,-0.0208268,-0.00670226,0.0559433,0.998194
31,0,-221.343,201.963,-3.11013,0.0153871,-0.0235973,-0.0826548,0.99618
31,1,-219.238,201.888,-3.16447,-0.0208268,-0.00670226,0.0559433,0.998194
31,2,-219.238,201.888,-3.16447,-0.0208268,-0.00670226,0.0559433,0.998194
31,3,-219.238,201.888,-3.16447,-0.0208268,-0.00670226,0.0559433,0.998194
31,4,-219.21,201.491,-2.41099,0.0304527,0.00507253,-0.0181426,0.999359
31,5,-227.877,202.353,-3.5994,0.00159215,-0.00751497,0.811453,0.584368
32,0,-210.027,196.333,-3.27943,0.0169845,0.052455,0.944356,0.324272
32,1,-218.791,201.648,-3.03675,0.030769,0.0140919,0.988793,0.145406
32,2,-219.238,201.888,-3.16447,-0.0208268,-0.00670226,0.0559433,0.998194
32,3,-224.956,205.796,-2.81758,0.0211544,0.0153199,0.98248,0.184529
32,4,-212.141,197.143,-3.69977,0.0373415,0.0131472,0.963461,0.264907
32,5,-219.435,201.197,-3.12353,0.000594299,-0.0124127,-0.808084,0.588936
33,0,-231.448,209.065,-2.21008,0.0216554,0.0238817,0.944152,0.32793
33,1,-226.91,206.973,-2.9011,0.0281784,0.0343764,0.988448,0.144893
33,2,-231.947,209.577,-2.81421,-0.015534,0.0144968,0.0721051,0.997171
33,3,-236.703,212.457,-2.3305,-0.000814162,-0.00143761,0.982658,0.18542
33,4,-231.864,209.043,-2.79561,0.0297675,0.0139167,0.960761,0.275424
33,5,-238.127,213.579,-2.49374,-0.0220634,-0.00860455,-0.824142,0.565888
34,0,-244.867,217.498,-1.84322,0.00607403,0.0209846,0.948852,0.314964
34,1,-247.356,219.211,-2.07842,0.0139001,0.0218283,0.986184,0.163622
34,2,-249.697,221.05,-2.41839,-0.0319817,0.0163802,0.0742112,0.996595
34,3,-254.244,222.407,-2.11732,0.0152446,0.0169782,0.982973,0.182327
34,4,-251.305,220.97,-1.4597,-0.0485653,0.024777,0.967241,0.247937
34,5,-249.826,220.365,-2.20803,-0.0115342,-0.0283388,-0.83722,0.54601
35,0,-257.196,224.329,-1.87429,-0.0073193,0.0309639,0.945295,0.324662
35,1,-263.748,227.442,-1.68491,-0.00408709,0.0226649,0.986715,0.160818
35,2,-260.591,226.047,-2.03454,-0.021878,0.00932918,0.0548675,0.99821
35,3,-263.898,227.541,-1.56038,0.0161224,0.0151786,0.98277,0.183502
35,4,-259.536,225.639,-2.06667,0.021226,0.014483,0.964906,0.261335
35,5,-257.731,224.831,-2.22001,-0.0125799,-0.016304,-0.845519,0.533548
36,0,-274.039,231.453,-1.35551,-4.93146e-05,0.0400437,0.942403,0.332075
36,1,-284.344,235.381,-1.5455,0.0208509,0.0293055,0.98241,0.18324
36,2,-273.384,231.06,-2.06662,-0.0273062,0.00886056,0.0729496,0.996922
36,3,-282.333,233.802,-1.50778,-0.0157249,0.0106968,0.977488,0.210132
36,4,-274.506,231.211,-1.95762,0.0109754,0.0275603,0.960363,0.27717
36,5,-267.578,227.917,-2.19762,-0.0190018,-0.012523,-0.84802,0.529475
37,0,-282.51,233.315,-1.93702,-0.0232899,-0.0185757,-0.851166,0.52405
37,1,-297.912,240.245,-1.34521,0.0156479,0.0267062,0.981269,0.190141
37,2,-286.584,236.166,-1.76223,-0.0397616,0.0175363,0.0772349,0.996065
37,3,-290.815,236.87,-1.3615,0.000763036,0.0281564,0.975952,0.216157
37,4,-286.947,235.959,-1.73543,0.00317527,0.0240377,0.959041,0.282229
37,5,-282.51,233.315,-1.93702,-0.0232899,-0.0185757,-0.851166,0.52405
38,0,-296.769,240.473,-0.696033,-0.0125025,0.0405098,0.945494,0.322868
38,1,-315.297,247.396,-0.779755,0.0112909,0.0417909,0.980186,0.193292
38,2,-305.705,243.601,-0.946536,-0.047971,0.00652505,0.0785474,0.995734
38,3,-303.487,242.362,-1.03729,-0.0154672,0.0353278,0.975764,0.215401
38,4,-303.486,242.369,-1.01619,0.00539425,0.0189313,0.963564,0.266754
38,5,-305.11,243.66,-1.17113,-0.0304044,-0.0240908,-0.862627,0.504352
39,0,-312.922,246.356,-0.179001,-0.00141303,0.0242695,0.945923,0.32348
39,1,-325.242,251.435,-0.49148,-0.000628652,0.0324691,0.980765,0.19247
39,2,-316.319,247.939,-0.792983,-0.0319679,0.0150576,0.0715215,0.996813
39,3,-315.178,247.761,-0.936078,0.0082382,0.0252649,0.972685,0.230602
39,4,-315.708,247.515,-0.803546,0.00874643,0.0355984,0.960537,0.275726
39,5,-317.884,248.987,-0.773455,-0.00148106,-0.0187165,-0.864801,0.501764
40,0,-325.398,251.312,-0.204717,-0.00961433,0.0205728,0.948922,0.314693
40,1,-335.226,254.271,-0.606024,0.00122425,0.0356757,0.97595,0.215054
40,2,-323.724,250.856,-0.775369,-0.0348368,0.00822075,0.0726299,0.996716
40,3,-328.215,252.793,-0.807967,0.00328212,0.0296241,0.979244,0.200482
40,4,-331.071,253.801,-0.745368,0.0184732,0.0399316,0.962908,0.26622
40,5,-329.883,253.074,-0.672546,0.00188045,0.0321647,0.8759,-0.481415
41,0,-341.572,256.484,-0.699319,-0.00764523,0.0332814,0.951255,0.306508
41,1,-345.971,257.273,-1.04406,0.00212551,0.0375535,0.974752,0.220099
41,2,-342.78,256.439,-1.07517,-0.0417128,0.00798486,0.0918423,0.994867
41,3,-340.008,255.747,-1.076,0.0170003,0.0346583,0.983092,0.178999
41,4,-350.045,258.472,-1.20243,0.00504223,0.0377905,0.96165,0.271616
41,5,-340.288,255.812,-1.14171,0.0199225,0.0270209,0.882652,-0.468827
42,0,-355.432,259.31,-1.12582,0.000774559,0.0385966,0.94803,0.315829
42,1,-365.099,262.019,-2.12734,0.00813993,0.0395825,0.981502,0.187139
42,2,-361.314,261.222,-1.9368,-0.0384456,0.0117563,0.112354,0.992855
42,3,-362.41,261.217,-2.09316,-0.00435764,0.0411162,0.980657,0.191317
42,4,-365.541,261.878,-2.17138,0.00505373,0.0410749,0.963284,0.265275
42,5,-355.705,259.655,-1.6923,0.0113408,0.063956,0.872553,-0.484181
43,0,-371.049,263.594,-1.96712,-0.00585966,0.0357684,0.95399,0.297639
43,1,-378.057,265.552,-2.70291,0.00820726,0.0453194,0.980707,0.18998
43,2,-379.824,266.136,-2.94463,-0.0400531,0.0141597,0.134816,0.98996
43,3,-374.664,264.293,-2.64515,0.00744221,0.0437229,0.982195,0.182552
43,4,-392.304,269.629,-2.84424,0.0129547,0.0398016,0.96238,0.268463
43,5,-381.133,266.647,-3.02346,0.0174564,0.0259711,0.872988,-0.486736
44,0,-391.027,268.69,-2.64807,-0.0127734,0.0340072,0.94114,0.33606
44,1,-398.049,271.738,-2.67109,0.000146363,0.0400881,0.9809,0.190339
44,2,-405.234,275.424,-2.66652,-0.0344663,-0.000474729,0.137045,0.989965
44,3,-393.518,270.06,-2.73182,-0.00161073,0.0435793,0.978933,0.199469
44,4,-406.872,276.242,-2.57554,0.0120644,0.0345284,0.958105,0.284072
44,5,-399.443,272.746,-2.62553,0.0197874,0.0296937,0.871065,-0.489869
45,0,-406.334,275.643,-2.40286,-0.0143316,0.0478383,0.941483,0.333342
45,1,-417.061,281.568,-2.13441,0.0186595,0.03212,0.983546,0.176797
45,2,-416.457,281.179,-2.21735,-0.0502107,3.21319e-07,0.12482,0.990908
45,3,-403.109,274.093,-2.87414,-0.011505,0.0561794,0.978401,0.198601
45,4,-415.647,281.095,-2.31363,0.0040602,0.0340209,0.959124,0.280905
45,5,-409.531,277.807,-2.63286,0.029076,0.0339412,0.869113,-0.492589
46,0,-413.586,279.601,-2.03058,-0.0177197,0.0450236,0.93665,0.346908
46,1,-419.72,283.159,-2.04091,0.00748806,0.0434092,0.983443,0.175784
46,2,-425.663,286.508,-1.65448,-0.0393543,0.00526282,0.134714,0.990089
46,3,-407.306,276.192,-2.49709,-0.00843099,0.0327333,0.980147,0.195368
46,4,-420.862,284.158,-1.91663,-0.0184216,0.0419513,0.958672,0.280801
46,5,-411.951,279.042,-2.45631,0.0197742,0.0235507,0.873884,-0.485161
47,0,-436.17,292.826,-0.965695,-0.0229535,0.0249545,0.948897,0.31376
47,1,-429.442,289.102,-1.44041,0.00196611,0.0450978,0.984882,0.167244
47,2,-438.557,294.05,-1.00683,-0.0361503,-0.0131354,0.147623,0.988296
47,3,-425.651,286.397,-1.93724,0.00724654,0.0459621,0.979652,0.195236
47,4,-427.612,288.216,-1.6655,-0.0106555,0.0436327,0.960896,0.273243
47,5,-421.222,283.689,-2.13162,0.030509,0.0232782,0.874395,-0.483694
48,0,-450.112,305.864,-0.73555,0.00516515,0.0366287,0.945144,0.324552
48,1,-449.182,303.773,-0.753289,0.0171864,0.0251361,0.980855,0.192345
48,2,-449.187,302.665,-0.632325,-0.0234218,0.0158067,0.137419,0.99011
48,3,-444.387,298.064,-0.691424,0.0167162,0.0428344,0.980747,0.189791
48,4,-444.33,298.218,-0.826619,0.00164013,0.0462322,0.958344,0.281843
48,5,-429.786,289.236,-1.35225,0.0177803,0.0359611,0.875859,-0.480896
49,0,-450.935,317.246,-1.00537,0.00763062,0.0339484,0.945043,0.325088
49,1,-450.921,318.069,-0.939003,0.0268159,0.0341108,0.985157,0.166081
49,2,-452.165,310.234,-0.79442,-0.0189654,0.0193473,0.146992,0.988767
49,3,-452.52,312.217,-0.739138,0.00182885,0.0345031,0.982892,0.180912
49,4,-452.5,314.094,-1.04616,0.0170223,0.0387808,0.959637,0.278035
49,5,-451.218,313.73,-0.984554,-0.037056,-0.016703,-0.864896,0.500303
50,0,-453.131,334.166,-1.72225,0.00653474,0.0332138,0.943555,0.329481
50,1,-453.223,334.148,-1.77279,0.00830708,0.0392169,0.985856,0.162728
50,2,-451.174,325.298,-1.50002,-0.0608717,-0.000492426,0.162071,0.9849
50,3,-452.544,331.96,-1.67506,0.00432988,0.0302269,0.985484,0.166997
50,4,-453.09,333.386,-1.84809,0.00731746,0.0329745,0.961753,0.271827
50,5,-457.742,343.636,-1.93458,0.0398114,0.00405241,0.87135,-0.489027
51,0,-458.127,344.529,-2.03218,0.00116247,0.0494017,0.945495,0.321866
51,1,-457.807,343.485,-2.20375,0.0398306,0.0159363,0.985002,0.167123
51,2,-453.448,335.77,-1.88704,-0.0387211,0.0254137,0.168205,0.984663
51,3,-458.323,345.187,-1.9955,0.0125737,0.0363008,0.984859,0.169049
51,4,-457.44,343.576,-2.12752,0.0117548,0.0557474,0.95533,0.289999
51,5,-461.624,353.753,-2.34211,0.0329081,0.0219578,0.882925,-0.467844
52,0,-463.982,357.336,-2.49444,0.00711995,0.0435584,0.941318,0.334623
52,1,-461.605,352.621,-2.42724,0.0300344,0.0354284,0.984025,0.171863
52,2,-458.215,345.487,-2.17802,-0.0446484,0.0316164,0.184943,0.981225
52,3,-470.431,365.339,-2.41351,0.011357,0.0451442,0.983015,0.177526
52,4,-468.203,363.04,-2.57372,0.00976266,0.0377909,0.960031,0.277158
52,5,-467.954,362.617,-2.28234,0.019515,0.0378139,0.875697,-0.480982
53,0,-474.257,369.076,-2.16568,0.00859793,0.0440713,0.938334,0.342803
53,1,-473.162,367.9,-2.25101,-0.00430171,0.0418433,0.986058,0.160998
53,2,-466.646,361.503,-2.64927,-0.0419168,0.0415591,0.185743,0.980824
53,3,-480.96,379.355,-2.65429,0.000126501,0.0316562,0.985073,0.1692
53,4,-477.995,375.06,-2.69211,0.00659977,0.0591098,0.958133,0.280077
53,5,-475.672,371.561,-2.3675,0.0481424,0.026702,0.876245,-0.478711
54,0,-482.346,381.129,-2.48503,0.00590423,0.0495419,0.939478,0.338958
54,1,-491.099,390.914,-2.83308,0.0120613,0.0456098,0.984721,0.167626
54,2,-481.213,380.564,-2.84753,-0.040314,0.0310711,0.211699,0.976009
54,3,-491.159,390.364,-2.87184,0.00332538,0.0350814,0.984522,0.171679
54,4,-487.282,386.981,-2.82251,0.0168487,0.0362779,0.958262,0.283079
54,5,-483.452,383.601,-2.65802,0.041468,0.0299787,0.87914,-0.473808
55,0,-499.382,395.933,-2.58275,-0.0116814,0.0448231,0.9359,0.349207
55,1,-504.384,398.677,-2.89955,0.00164736,0.0454094,0.986548,0.157029
55,2,-498.96,395.588,-3.02068,-0.0361299,0.0230414,0.197322,0.979402
55,3,-501.64,397.204,-2.88926,-0.00243259,0.0514914,0.982461,0.1792
55,4,-500.242,396.074,-2.97479,-0.0111413,0.0302888,0.954664,0.295932
55,5,-505.676,399.853,-3.03369,0.0287247,0.0556825,0.877515,-0.475439
56,0,-519.698,407.031,-2.80612,0.00421766,0.0519998,0.934954,0.350912
56,1,-520.546,407.458,-3.03521,0.0182618,0.0475757,0.986649,0.154685
56,2,-523.499,408.651,-2.91806,-0.0506158,0.0177343,0.23325,0.970937
56,3,-515.801,405.021,-3.04447,-0.00205861,0.0537047,0.981705,0.182668
56,4,-516.827,405.223,-3.07724,0.00102286,0.0402889,0.953916,0.297356
56,5,-524.515,409.61,-3.04264,0.02844,0.0145478,0.891732,-0.451435
57,0,-533.544,414.392,-2.83293,0.00177043,0.053909,0.938976,0.339727
57,1,-533.391,414.836,-3.07225,0.00382864,0.0472867,0.987941,0.147386
57,2,-537.062,416.598,-3.16067,-0.0245928,0.0302829,0.245894,0.968511
57,3,-522.589,408.306,-2.8167,0.00973884,0.053157,0.983374,0.173363
57,4,-530.004,412.665,-3.05952,-0.0101934,0.0372597,0.953215,0.299816
57,5,-533.316,414.48,-3.19024,0.0323221,0.0537055,0.88085,-0.469228
58,0,-545.059,424.105,-3.3744,0.00361451,0.0505069,0.93903,0.340085
58,1,-542.464,421.451,-3.15438,0.00606067,0.0411975,0.987983,0.14885
58,2,-544.316,423.555,-3.53026,-0.044869,0.0260393,0.262354,0.963576
58,3,-537.269,416.075,-3.14874,0.0146902,0.0447987,0.981924,0.183309
58,4,-542.951,421.654,-3.38923,0.00292171,0.0826705,0.947309,0.309457
58,5,-545.141,424.256,-3.61421,0.0516491,0.0683297,0.88702,-0.453717
59,0,-552.284,434.668,-4.17333,-0.00503213,0.0424297,0.937017,0.34666
59,1,-552.23,436.861,-4.56664,0.022758,0.0459498,0.986383,0.156269
59,2,-552.573,436.564,-4.53648,-0.0503542,0.0428198,0.254723,0.964752
59,3,-551.149,432.561,-4.27975,0.0238818,0.0508131,0.981265,0.184301
59,4,-550.144,431.52,-4.06241,0.000219508,0.050416,0.950925,0.305286
59,5,-552.71,437.42,-4.69763,0.0359869,0.0254665,0.887175,-0.459323
60,0,-552.315,454.714,-6.32915,0.00315089,0.0526392,0.937143,0.344937
60,1,-551.48,456.906,-6.81861,0.0389147,0.047109,0.985989,0.155217
60,2,-553.565,449.374,-5.8741,-0.030958,0.0330894,0.280539,0.958773
60,3,-549.589,461.713,-7.60214,0.0267417,0.0355899,0.985925,0.161152
60,4,-553.771,446.274,-5.55666,0.0295549,0.0674366,0.947024,0.312609
60,5,-553.361,450.57,-6.02449,0.0294423,0.00554481,0.8838,-0.466904
61,0,-545.281,469.973,-8.81227,0.00421792,0.0438142,0.936149,0.348838
61,1,-543.704,471.873,-9.09604,0.0271092,0.0375923,0.987735,0.149101
61,2,-548.562,463.437,-7.64596,-0.0118675,0.0452229,0.271067,0.961424
61,3,-537.331,478.48,-10.24,0.0230011,0.0443279,0.982521,0.179325
61,4,-548.2,463.355,-7.53156,0.0199541,0.0203391,0.946202,0.322319
61,5,-549.351,461.342,-7.44844,0.0430901,0.011879,0.890046,-0.453674
62,0,-537.566,479.292,-10.6148,0.0214441,0.0375174,0.930794,0.36298
62,1,-531.787,484.27,-10.9996,0.0172554,0.0207124,0.987105,0.157787
62,2,-538.344,477.574,-10.3005,-0.0174379,0.038176,0.278785,0.959436
62,3,-527.528,486.411,-11.1836,0.0315938,0.0380626,0.984809,0.166445
62,4,-534.754,481.022,-10.7821,0.0102924,0.0193582,0.950886,0.308763
62,5,-541.901,474.711,-9.94213,0.0414718,0.0188191,0.895805,-0.442107
63,0,-525.656,487.227,-11.1556,0.0271872,0.0362801,0.929448,0.366156
63,1,-516.652,489.36,-11.4276,0.0216554,0.0389616,0.988176,0.146701
63,2,-521.493,488.419,-11.3156,-0.0248063,0.0417538,0.280871,0.958516
63,3,-514.095,491.294,-11.7487,0.0240212,0.0255164,0.986303,0.16118
63,4,-517.481,489.922,-11.5567,0.0167898,0.043601,0.948712,0.31267
63,5,-520.755,487.165,-11.4667,0.0254627,0.00289549,0.896342,-0.442622
64,0,-510.005,493.486,-11.9894,0.0143904,0.0398034,0.934017,0.354712
64,1,-502.368,495.841,-12.5696,0.0215616,0.0356396,0.98807,0.148265
64,2,-502.68,495.204,-12.3476,-0.0326695,0.0520942,0.280853,0.957779
64,3,-500.724,496.817,-12.7398,0.00814986,0.0279701,0.987709,0.153565
64,4,-502.016,495.698,-12.2445,0.0132625,0.0369737,0.945957,0.321904
64,5,-497.514,496.945,-12.8655,0.0359227,0.0232998,0.901499,-0.430657
65,0,-495.63,498.133,-12.9546,0.0179562,0.0392599,0.930843,0.36286
65,1,-494.866,498.246,-12.9767,0.0272517,0.0305102,0.988036,0.148698
65,2,-488.117,499.857,-13.4133,-0.0081801,0.0366972,0.288992,0.956593
65,3,-488.117,499.857,-13.4133,-0.0081801,0.0366972,0.288992,0.956593
65,4,-489.808,499.469,-12.7074,0.029057,0.05416,0.944874,0.321615
65,5,-488.117,499.857,-13.4133,-0.0081801,0.0366972,0.288992,0.956593
66,0,-484.63,501.789,-13.4013,0.0208064,0.0411488,0.931566,0.360636
66,1,-484.043,501.59,-13.6281,0.0293715,0.0526796,0.987574,0.145117
66,2,-474.704,504.255,-14.2816,-0.0078442,0.0430583,0.294012,0.954799
66,3,-476.935,504.514,-13.7589,0.0511297,0.034847,0.982763,0.174208
66,4,-476.311,504.703,-12.8912,0.0323564,0.0299443,0.947737,0.315993
66,5,-476.935,504.514,-13.7589,0.0511297,0.034847,0.982763,0.174208
67,0,-473.996,506.017,-14.1018,0.0297407,0.039044,0.931576,0.360218
67,1,-473.446,505.534,-14.3089,0.0262029,0.0298471,0.986673,0.157791
67,2,-466.607,507.184,-14.9858,0.00735463,0.0710465,0.290812,0.95411
67,3,-471.652,506.144,-14.5765,0.0246429,0.0314923,0.985167,0.166871
67,4,-465.837,508.179,-14.9306,0.0253777,0.0631202,0.94485,0.32036
67,5,-463.867,508.594,-15.0737,0.0536481,0.00847521,0.913111,-0.404076
68,0,-452.245,512.441,-15.5385,0.01551,0.0430404,0.929549,0.365849
68,1,-449.655,512.307,-16.0839,0.0431578,0.0225993,0.987008,0.15311
68,2,-448.203,512.284,-16.1703,-0.0114032,0.0528875,0.292305,0.954794
68,3,-450.625,512.344,-16.0208,0.0227396,0.0240475,0.984546,0.17197
68,4,-444.231,513.895,-16.4187,0.0210693,0.0259562,0.94832,0.31555
68,5,-450.912,511.998,-16.0622,0.0405336,-0.00363841,0.920638,-0.38829
69,0,-438.164,515.368,-16.5557,0.0297077,0.0364211,0.926219,0.374044
69,1,-437.32,515.197,-16.8067,0.0249297,0.0170474,0.98756,0.154315
69,2,-435.199,515.083,-17.0347,-0.0196251,0.0496713,0.313032,0.94824
69,3,-429.701,516.586,-17.3823,0.0362134,0.0234464,0.983957,0.17311
69,4,-421.624,518.648,-18.055,0.027555,0.030752,0.943427,0.328998
69,5,-431.755,516.181,-17.4431,0.0327903,0.0091864,0.931199,-0.362916
70,0,-414.287,520.129,-18.2828,0.0306427,0.0258098,0.929805,0.365867
70,1,-429.243,516.408,-17.2542,0.0452979,0.00614081,0.986886,0.154814
70,2,-420.317,518.339,-18.1538,0.00535283,0.0505098,0.306147,0.950628
70,3,-412.566,520.017,-18.7443,0.0449184,0.0191097,0.981856,0.183235
70,4,-405.131,521.456,-19.1653,0.0312964,0.0262378,0.940949,0.336076
70,5,-413.698,520.124,-18.608,0.028357,0.000899725,0.928764,-0.369584
71,0,-395.542,523.799,-19.6342,0.0404631,0.0271707,0.927312,0.371103
71,1,-407.925,521.889,-18.7844,0.0408532,0.0139571,0.987685,0.150381
71,2,-397.355,522.863,-19.7742,0.00273341,0.0602158,0.302165,0.951348
71,3,-397.456,523.188,-19.8731,0.0436258,0.0177419,0.981383,0.186199
71,4,-390.279,524.467,-20.2704,0.0427237,0.0377407,0.942123,0.330386
71,5,-395.164,523.45,-20.0847,0.0417631,-0.0209664,0.926707,-0.372868
72,0,-382.445,526.728,-20.85,0.0488058,0.0341627,0.929271,0.364563
72,1,-378.089,528.024,-21.0137,0.0365427,0.0164405,0.986556,0.158436
72,2,-382.533,525.839,-20.8933,0.0110819,0.0372897,0.308815,0.950326
72,3,-361.607,530.591,-22.6454,0.0489706,0.0233885,0.98347,0.172747
72,4,-375.122,527.341,-21.4549,0.0463537,0.0401825,0.946781,0.315978
72,5,-381.1,526.452,-20.9876,0.0435394,0.000600572,0.930991,-0.362436
73,0,-370.207,529.233,-21.5717,0.0403765,0.0194587,0.929579,0.365888
73,1,-365.881,531.167,-22.0012,0.0392598,0.0134008,0.986391,0.159097
73,2,-363.953,529.697,-22.3786,0.0200843,0.0567763,0.311982,0.948177
73,3,-355.671,531.631,-23.118,0.034084,0.00540816,0.983933,0.175173
73,4,-363.066,530.196,-22.3718,0.0227458,0.0168142,0.943588,0.329911
73,5,-364.567,529.872,-22.471,0.0418622,-0.0154648,0.932642,-0.358032
